url,address,neighborhood,rent,beds,baths,flexs,zip
https://www.renthop.com/listings/21-west-end-avenue/1213/15829210,"21 West End Avenue, Apt 1213","Lincoln Square, Upper West Side, Upper Manhattan, Manhattan","$2,973",0,1,0,
https://www.renthop.com/listings/70-west-37th-street/1012/15836883,"70 West 37th Street, Apt 1012","Murray Hill, Midtown Manhattan, Manhattan","$3,646",0,1,0,
https://www.renthop.com/listings/205-knickerbocker-avenue/3f/15827566,"205 Knickerbocker Avenue, Apt ...","Bushwick, Northern Brooklyn, Brooklyn","$2,850",1,1,0,
https://www.renthop.com/listings/594-bergen-street/garden/15844010,"594 Bergen Street, Apt GARDEN","Prospect Heights, Northwestern Brooklyn, Brooklyn","$3,100",1,1,0,
https://www.renthop.com/listings/171-5th-avenue/2f/15843967,"171 5th Avenue, Apt 2F","North Slope, Park Slope, South Brooklyn, Brooklyn","$2,400",1,1,0,
https://www.renthop.com/listings/309-fifth-avenue/16f/15811374,"309 Fifth Avenue, Apt 16F","Murray Hill, Midtown Manhattan, Manhattan","$3,600",0,1,0,
https://www.renthop.com/listings/5608-church-ave/1/15842030,"5608 Church Ave, Apt 1","East Flatbush, Central Brooklyn, Brooklyn","$2,400",3,1,0,
https://www.renthop.com/listings/125-court-street/5sd/15848114,"125 Court Street, Apt 5SD","Boerum Hill, South Brooklyn, Brooklyn","$3,760",1,1,0,
https://www.renthop.com/listings/901-wyckoff-avenue/3l/15842889,"901 Wyckoff Avenue, Apt 3L","Ridgewood, Northwestern Queens, Queens","$1,800",1,1,0,
https://www.renthop.com/listings/901-wyckoff-avenue/3l/15850171,"901 Wyckoff Avenue, Apt 3L","Ridgewood, Northwestern Queens, Queens","$1,800",1,1,0,
https://www.renthop.com/listings/wall-street/906/15863281,Wall Street ,"Financial District, Downtown Manhattan, Manhattan","$6,580",3,2,4,
https://www.renthop.com/listings/534-east-85th-st/4b/15837065,"534 East 85th St, Apt 4B","Yorkville, Upper East Side, Upper Manhattan, Manhattan","$2,025",0,1,0,
https://www.renthop.com/listings/20-broad-street/1301/15864375,"20 Broad Street, Apt 1301","Financial District, Downtown Manhattan, Manhattan","$5,546",2,1,3,
https://www.renthop.com/listings/350-east-57th-street/16/15864444,"360 East 57th Street, Apt 16","Sutton Place, Midtown East, Midtown Manhattan, Manhattan","$6,999",4,3,0,
https://www.renthop.com/listings/153-avenue-c/2r/15749757,"153 Avenue C, Apt 2R","Alphabet City, East Village, Downtown Manhattan, Manhattan","$2,165",1,1,0,
https://www.renthop.com/listings/330-west-58th-street/31c/15841225,"330 West 58th Street, Apt 31C","Hell's Kitchen, Midtown Manhattan, Manhattan","$3,399",1,1,0,
https://www.renthop.com/listings/west-54th-st-and-9th-ave/na/15844008,West 54th St and 9th Ave,"Hell's Kitchen, Midtown Manhattan, Manhattan","$2,299",1,1,0,
https://www.renthop.com/listings/greenwich-ave/3f/15415398,Greenwich Ave,"West Village, Downtown Manhattan, Manhattan","$2,613",0,1,0,
https://www.renthop.com/listings/20-broad-st/1302/15864383,"20 Broad St, Apt 1302","Financial District, Downtown Manhattan, Manhattan","$3,845",1,1,0,
https://www.renthop.com/listings/tudor-city/436/15856906,Tudor City,"Tudor City, Midtown East, Midtown Manhattan, Manhattan","$3,395",1,1,0,
https://www.renthop.com/listings/153-avenue-c/2r/15749757,"153 Avenue C, Apt 2R","Alphabet City, East Village, Downtown Manhattan, Manhattan","$2,165",1,1,0,
https://www.renthop.com/listings/330-west-58th-street/31c/15841225,"330 West 58th Street, Apt 31C","Hell's Kitchen, Midtown Manhattan, Manhattan","$3,399",1,1,0,
https://www.renthop.com/listings/54-7th-avenue/5/15864429,"54 7th Avenue, Apt 5","North Slope, Park Slope, South Brooklyn, Brooklyn","$2,650",1,1,0,
https://www.renthop.com/listings/50-battery-pl/6b/14946005,"50 Battery Pl, Apt 6B","Battery Park City, Downtown Manhattan, Manhattan","$4,659",2,2,0,
https://www.renthop.com/listings/west-54th-st-and-9th-ave/na/15844008,West 54th St and 9th Ave,"Hell's Kitchen, Midtown Manhattan, Manhattan","$2,299",1,1,0,
https://www.renthop.com/listings/greenwich-ave/3f/15415398,Greenwich Ave,"West Village, Downtown Manhattan, Manhattan","$2,613",0,1,0,
https://www.renthop.com/listings/20-broad-st/1302/15864383,"20 Broad St, Apt 1302","Financial District, Downtown Manhattan, Manhattan","$3,845",1,1,0,
https://www.renthop.com/listings/tudor-city/436/15856906,Tudor City,"Tudor City, Midtown East, Midtown Manhattan, Manhattan","$3,395",1,1,0,
https://www.renthop.com/listings/415-east-90th-street/2a/15696079,"415 East 90th Street, Apt 2A","Yorkville, Upper East Side, Upper Manhattan, Manhattan","$3,650",3,1,0,
https://www.renthop.com/listings/west-51st-and-10th-ave/4e/15729766, West 51st and 10th ave,"Hell's Kitchen, Midtown Manhattan, Manhattan","$2,595",1,1,0,
https://www.renthop.com/listings/550-west-45th-street/1810/15392206,"550 West 45th Street, Apt 1810...","Hell's Kitchen, Midtown Manhattan, Manhattan","$4,050",1,1,0,
https://www.renthop.com/listings/216-west-102nd-street/5grh/15849160,"216 West 102nd Street, Apt 5GR...","Manhattan Valley, Upper West Side, Upper Manhattan, Manhattan","$2,695",1,1,0,
https://www.renthop.com/listings/314-east-106th-street/4/14273832,"314 East 106th Street, Apt 4","East Harlem, Upper Manhattan, Manhattan","$2,396",2,1,0,
https://www.renthop.com/listings/534-east-85th-st/4b/15850121,"534 East 85th St, Apt 4B","Yorkville, Upper East Side, Upper Manhattan, Manhattan","$2,650",1,1,0,
https://www.renthop.com/listings/east-16th-street/12-d/15850981,East 16th Street,"Gramercy Park, Midtown Manhattan, Manhattan","$5,400",1,1,0,
https://www.renthop.com/listings/261-14th-street/4/15626284,261 14th street,"South Slope, Park Slope, South Brooklyn, Brooklyn","$2,500",2,1,0,
https://www.renthop.com/listings/west-73rd-street/11-e/15737274,West 73rd Street,"Upper West Side, Upper Manhattan, Manhattan","$2,900",0,1,0,
https://www.renthop.com/listings/4545-center-boulevard/2317/14464301,"4545 Center Boulevard, Apt 231...","Hunters Point, Long Island City, Northwestern Queens, Queens","$3,172",1,1,0,
https://www.renthop.com/listings/274-willoughby-ave/3o/15815024,"274 Willoughby Ave, Apt 3O","Bedford-Stuyvesant, Northern Brooklyn, Brooklyn","$3,200",3,2,0,
https://www.renthop.com/listings/400-west-63rd-street/1402/15747813,"400 West 63rd Street, Apt 1402...","Lincoln Square, Upper West Side, Upper Manhattan, Manhattan","$4,260",1,1,0,
https://www.renthop.com/listings/east-63rd-street/6-n/15750403,East 63rd Street,"Upper East Side, Upper Manhattan, Manhattan","$3,925",1,1,0,
https://www.renthop.com/listings/400-west-63rd-street/1402/15747813,"400 West 63rd Street, Apt 1402...","Lincoln Square, Upper West Side, Upper Manhattan, Manhattan","$4,260",1,1,0,
https://www.renthop.com/listings/east-39th-street/1604/15656114,East 39th Street,"Murray Hill, Midtown Manhattan, Manhattan","$3,600",1,1,0,
https://www.renthop.com/listings/309-5th-avenue/4e/15225561,"309 5th Avenue, Apt 4E","Murray Hill, Midtown Manhattan, Manhattan","$3,450",0,1,0,
https://www.renthop.com/listings/245-east-58th-street/4g/15864362,"245 East 58th Street, Apt 4G","Midtown East, Midtown Manhattan, Manhattan","$4,750",1,2,0,
https://www.renthop.com/listings/east-46th-street/32a/15422095,East 46th Street,"Turtle Bay, Midtown East, Midtown Manhattan, Manhattan","$3,495",1,1,0,
https://www.renthop.com/listings/ave-a-e-12th-st/8/15818817,Ave A & E 12th St,"East Village, Downtown Manhattan, Manhattan","$2,850",1,1,0,
https://www.renthop.com/listings/astor-place/3/15620910,Astor Place,"NoHo, Downtown Manhattan, Manhattan","$3,150",0,1,0,
https://www.renthop.com/listings/500-sterling-place/apt-6g/15755978,"500 Sterling Place, Apt APT. 6...","Prospect Heights, Northwestern Brooklyn, Brooklyn","$2,500",0,1,0,
https://www.renthop.com/listings/1370-saint-nicholas-ave/17r/15864353,"1370 Saint Nicholas Ave, Apt 1...","Washington Heights, Upper Manhattan, Manhattan","$3,495",3,2,0,
https://www.renthop.com/listings/20-exchange-place/2601/15779641,"20 Exchange Place, Apt 2601","Financial District, Downtown Manhattan, Manhattan","$3,673",1,1,0,
https://www.renthop.com/listings/542-west-153rd-street/401/15843308,"542 West 153rd Street, Apt 401...","Hamilton Heights, West Harlem, Upper Manhattan, Manhattan","$3,222",2,1,0,
https://www.renthop.com/listings/1370-saint-nicholas-ave/15l/15781091,"1370 Saint Nicholas Ave, Apt 1...","Washington Heights, Upper Manhattan, Manhattan","$1,850",0,1,0,
https://www.renthop.com/listings/37-51-79th-st/6j/15856392,"37-51 79th St, Apt 6J","Jackson Heights, Northwestern Queens, Queens","$1,695",0,1,0,
https://www.renthop.com/listings/w-60th-st/16c/15308364,W 60th St.,"Lincoln Square, Upper West Side, Upper Manhattan, Manhattan","$4,400",1,1,0,
https://www.renthop.com/listings/81-31-baxter-ave/6d/15856391,"81-31 Baxter Ave, Apt 6D","Elmhurst, Northwestern Queens, Queens","$1,716",0,1,0,
https://www.renthop.com/listings/229-231-east-12th-stret/33/15864287,"229-231 East 12th Stret, Apt 3...","East Village, Downtown Manhattan, Manhattan","$4,950",3,1,0,
https://www.renthop.com/listings/w-108-st-amsterdam-ave/apt-7/15777509,W 108 St & Amsterdam Ave,"Manhattan Valley, Upper West Side, Upper Manhattan, Manhattan","$3,600",4,2,0,
https://www.renthop.com/listings/420-lexington-ave/7d/15817744,"420 Lexington Ave, Apt 7D","Bedford-Stuyvesant, Northern Brooklyn, Brooklyn","$3,250",2,1,0,
https://www.renthop.com/listings/1513-dean-st/1/15670893,"1513 Dean St, Apt 1","Crown Heights, Central Brooklyn, Brooklyn","$2,699",2,1,0,
https://www.renthop.com/listings/81-31-baxter-ave/6d/15856391,"81-31 Baxter Ave, Apt 6D","Elmhurst, Northwestern Queens, Queens","$1,716",0,1,0,
https://www.renthop.com/listings/229-231-east-12th-stret/33/15864287,"229-231 East 12th Stret, Apt 3...","East Village, Downtown Manhattan, Manhattan","$4,950",3,1,0,
https://www.renthop.com/listings/w-108-st-amsterdam-ave/apt-7/15777509,W 108 St & Amsterdam Ave,"Manhattan Valley, Upper West Side, Upper Manhattan, Manhattan","$3,600",4,2,0,
https://www.renthop.com/listings/420-lexington-ave/7d/15817744,"420 Lexington Ave, Apt 7D","Bedford-Stuyvesant, Northern Brooklyn, Brooklyn","$3,250",2,1,0,
https://www.renthop.com/listings/1513-dean-st/1/15670893,"1513 Dean St, Apt 1","Crown Heights, Central Brooklyn, Brooklyn","$2,699",2,1,0,
https://www.renthop.com/listings/west-60th-street/34f/15620946,West 60th Street,"Lincoln Square, Upper West Side, Upper Manhattan, Manhattan","$3,995",1,1,0,
https://www.renthop.com/listings/64-85-booth-street/6i/15856395,"64-85 Booth Street, Apt 6I","Rego Park, Northwestern Queens, Queens","$2,582",2,1,0,
https://www.renthop.com/listings/21-magaw-st/na/15864441,21 Magaw St,"Hudson Heights, Washington Heights, Upper Manhattan, Manhattan","$1,750",1,1,0,
https://www.renthop.com/listings/17-monitor-st/na/15853817,17 Monitor St,"Williamsburg, Northern Brooklyn, Brooklyn","$4,400",3,1,0,
https://www.renthop.com/listings/325-5th-ave/16h/15513211,"325 5th Ave, Apt 16H","Murray Hill, Midtown Manhattan, Manhattan","$7,200",2,2,0,
https://www.renthop.com/listings/ann-st/5r/15855389, Ann St,"Financial District, Downtown Manhattan, Manhattan","$5,650",2,1,3,
https://www.renthop.com/listings/water-street/1510/15863231,Water Street,"Financial District, Downtown Manhattan, Manhattan","$7,306",3,3,4,
https://www.renthop.com/listings/194-montrose-ave/3l/15851358,"194 Montrose Ave, Apt 3L","East Williamsburg, Williamsburg, Northern Brooklyn, Brooklyn","$4,600",4,2,0,
https://www.renthop.com/listings/165-east-66th-st/na/15772817,165 East 66th St,"Lincoln Square, Upper West Side, Upper Manhattan, Manhattan","$16,500",3,3,0,
https://www.renthop.com/listings/107th-street-and-broadway/4/15797926,"311 West 107th Street, Apt 4","Upper West Side, Upper Manhattan, Manhattan","$2,325",0,1,0,
https://www.renthop.com/listings/waverly-place/5-k/15784693,Waverly Place,"Greenwich Village, Downtown Manhattan, Manhattan","$3,950",2,1,0,
https://www.renthop.com/listings/2309-astoria-boulevard/3f/12890730,"2309 Astoria Boulevard, Apt 3F...","Astoria, Northwestern Queens, Queens","$2,700",2,1,0,
https://www.renthop.com/listings/49-park-avenue/1a/15791401,"49 Park Avenue, Apt 1A","Murray Hill, Midtown Manhattan, Manhattan","$3,150",1,1,0,
https://www.renthop.com/listings/front-street-seaport/2b/15855561, front street seaport ,"Financial District, Downtown Manhattan, Manhattan","$4,000",1,1,0,
https://www.renthop.com/listings/100-lefferts-avenue/5g/15752073,"100 Lefferts Avenue, Apt 5G","Prospect Lefferts Gardens, Flatbush, Central Brooklyn, Brooklyn","$2,550",1,1,0,
https://www.renthop.com/listings/2309-astoria-boulevard/3f/12890730,"2309 Astoria Boulevard, Apt 3F...","Astoria, Northwestern Queens, Queens","$2,700",2,1,0,
https://www.renthop.com/listings/46-01-skillman-ave/f39/15813839,"46-01 Skillman Ave, Apt F39","Sunnyside, Long Island City, Northwestern Queens, Queens","$2,950",3,1,0,
https://www.renthop.com/listings/46-01-skillman-ave/f37/15806250,"46-01 Skillman Ave, Apt F37","Sunnyside, Long Island City, Northwestern Queens, Queens","$2,950",3,1,0,
https://www.renthop.com/listings/49-park-avenue/1a/15791401,"49 Park Avenue, Apt 1A","Murray Hill, Midtown Manhattan, Manhattan","$3,150",1,1,0,
https://www.renthop.com/listings/front-street-seaport/2b/15855561, front street seaport ,"Financial District, Downtown Manhattan, Manhattan","$4,000",1,1,0,
https://www.renthop.com/listings/100-lefferts-avenue/5g/15752073,"100 Lefferts Avenue, Apt 5G","Prospect Lefferts Gardens, Flatbush, Central Brooklyn, Brooklyn","$2,550",1,1,0,
https://www.renthop.com/listings/400-west-63rd-street/1612/15816773,"400 West 63rd Street, Apt 1612...","Lincoln Square, Upper West Side, Upper Manhattan, Manhattan","$4,260",1,1,0,
https://www.renthop.com/listings/74-bleecker-st/na/15802871,74 Bleecker St,"Bushwick, Northern Brooklyn, Brooklyn","$2,980",3,1,0,
https://www.renthop.com/listings/116-mott-st/4/15848307,"116 Mott St, Apt 4","Chinatown, Downtown Manhattan, Manhattan","$2,750",2,1,0,
https://www.renthop.com/listings/132-nostrand-ave/1/15864430,"132 Nostrand Ave, Apt #1","Bedford-Stuyvesant, Northern Brooklyn, Brooklyn","$2,275",2,1,0,
https://www.renthop.com/listings/1068-fulton-st/na/15853748,1068 Fulton St,"Bedford-Stuyvesant, Northern Brooklyn, Brooklyn","$2,650",1,1,0,
https://www.renthop.com/listings/wall-street/1418/15855950,Wall Street,"Financial District, Downtown Manhattan, Manhattan","$3,483",1,1,0,
https://www.renthop.com/listings/1215-nostrand/2f/15864445,"1215 Nostrand, Apt #2F","Prospect Lefferts Gardens, Flatbush, Central Brooklyn, Brooklyn","$1,975",2,1,0,
https://www.renthop.com/listings/e-58th-st/19/15864394,E 58th St.,"Midtown East, Midtown Manhattan, Manhattan","$3,200",2,1,0,
https://www.renthop.com/listings/320-w-22-st/2fl/15852132,"320 W 22 St, Apt 2FL","Chelsea, Midtown Manhattan, Manhattan","$3,000",1,1,0,
https://www.renthop.com/listings/264-brooklyn-avenue/2b/15852383,"264 Brooklyn Avenue, Apt 2B","Crown Heights, Central Brooklyn, Brooklyn","$2,600",2,1,0,
https://www.renthop.com/listings/10th-avenue/23h/15862391,10th Avenue,"Hell's Kitchen, Midtown Manhattan, Manhattan","$4,995",2,2,3,
https://www.renthop.com/listings/19-west-69th-street/1002/15847015,"19 West 69th Street, Apt 1002","Lincoln Square, Upper West Side, Upper Manhattan, Manhattan","$2,400",0,1,0,
https://www.renthop.com/listings/west-37th-street/3008/15842587,West 37th Street,"Hell's Kitchen, Midtown Manhattan, Manhattan","$2,890",0,1,0,
https://www.renthop.com/listings/west-55/na/15842056, West 55,"Hell's Kitchen, Midtown Manhattan, Manhattan","$3,500",2,1,0,
https://www.renthop.com/listings/west-37th-street/3008/15842587,West 37th Street,"Hell's Kitchen, Midtown Manhattan, Manhattan","$2,890",0,1,0,
https://www.renthop.com/listings/west-55/na/15842056, West 55,"Hell's Kitchen, Midtown Manhattan, Manhattan","$3,500",2,1,0,
https://www.renthop.com/listings/81-underhill-ave/2r/15859734,"81 Underhill Ave, Apt 2R","Prospect Heights, Northwestern Brooklyn, Brooklyn","$2,930",2,1,0,
https://www.renthop.com/listings/rector-pl/17r/15783895,rector Pl,"Battery Park City, Downtown Manhattan, Manhattan","$3,526",1,1,0,
https://www.renthop.com/listings/financial-district-downtown-manhattan/709/15852178,"Financial District, Downtown M...","Financial District, Downtown Manhattan, Manhattan","$2,705",0,1,1,
https://www.renthop.com/listings/1054-bushwick-ave/na/15844682,1054 Bushwick Ave,"Bushwick, Northern Brooklyn, Brooklyn","$3,000",2,2,0,
https://www.renthop.com/listings/670-pacific-st/na/15857019,670 Pacific St,"Prospect Heights, Northwestern Brooklyn, Brooklyn","$4,583",2,2,0,
https://www.renthop.com/listings/45-west-34th-street/23b/15443291,"45 West 34th Street, Apt 23B","Koreatown, Midtown Manhattan, Manhattan","$4,350",2,1,3,
https://www.renthop.com/listings/financial-district-downtown-manhattan/2-i/15818767,"Financial District, Downtown M...","Financial District, Downtown Manhattan, Manhattan","$3,400",1,1,2,
https://www.renthop.com/listings/wall-street/1255/15841673,Wall Street,"Financial District, Downtown Manhattan, Manhattan","$5,435",2,2,0,
https://www.renthop.com/listings/e-20s/12d/6120887,E 20's,"Kips Bay, Midtown Manhattan, Manhattan","$3,995",2,1,3,
https://www.renthop.com/listings/e-72nd-st/30/15852679,E 72nd St.,"Upper East Side, Upper Manhattan, Manhattan","$20,000",5,4,0,
https://www.renthop.com/listings/395-smith-street/3c/15795013,"395 Smith Street, Apt 3C","Carroll Gardens, South Brooklyn, Brooklyn","$4,485",3,2,0,
https://www.renthop.com/listings/240-east-82nd-street/17b/15273076,"240 East 82nd Street, Apt 17B","Yorkville, Upper East Side, Upper Manhattan, Manhattan","$4,700",3,1,4,
https://www.renthop.com/listings/west-42nd-street/25a/15826824,West 42nd Street,"Hell's Kitchen, Midtown Manhattan, Manhattan","$3,300",1,1,0,
https://www.renthop.com/listings/west-57th-street/32/15840970,West 57th Street,"Hell's Kitchen, Midtown Manhattan, Manhattan","$5,130",2,2,3,
https://www.renthop.com/listings/christopher-st/8a/15864431,Christopher St,"West Village, Downtown Manhattan, Manhattan","$3,825",0,1,0,
https://www.renthop.com/listings/west-end-ave/na/15716532,West End Ave,"Upper West Side, Upper Manhattan, Manhattan","$3,995",1,1,0,
https://www.renthop.com/listings/west-48th-street/16e/15842761,West 48th Street,"Theater District, Midtown Manhattan, Manhattan","$3,595",1,1,0,
https://www.renthop.com/listings/pearl-street/4503/15714267,Pearl Street,"Financial District, Downtown Manhattan, Manhattan","$7,020",2,2,3,
https://www.renthop.com/listings/pearl-street/4503/15714267,Pearl Street,"Financial District, Downtown Manhattan, Manhattan","$7,020",2,2,3,
https://www.renthop.com/listings/financial-district-downtown-manhattan/303/15846204,"Financial District, Downtown M...","Financial District, Downtown Manhattan, Manhattan","$2,675",0,1,0,
https://www.renthop.com/listings/601-west-57th-street/32e/15810996,"601 West 57th Street, Apt 32E","Hell's Kitchen, Midtown Manhattan, Manhattan","$5,400",2,2,0,
https://www.renthop.com/listings/412-east-88th-street/2w/15298422,"412 East 88th Street, Apt 2W","Yorkville, Upper East Side, Upper Manhattan, Manhattan","$2,800",1,1,0,
https://www.renthop.com/listings/115-stanwix-st/na/15758577,115 Stanwix St,"Bushwick, Northern Brooklyn, Brooklyn","$2,683",1,1,0,
https://www.renthop.com/listings/financial-district-downtown-manhattan/1901/15852522," Financial District, Downtown ...","Financial District, Downtown Manhattan, Manhattan","$2,785",0,1,1,
https://www.renthop.com/listings/594-bergan-street/1/15805331,"594 Bergan Street, Apt 1","Prospect Heights, Northwestern Brooklyn, Brooklyn","$3,100",1,1,0,
https://www.renthop.com/listings/10th-avenue/18g/15841463,10th Avenue,"Hell's Kitchen, Midtown Manhattan, Manhattan","$3,200",1,1,0,
https://www.renthop.com/listings/1604-first-ave/4d/15864428,"1604 First Ave, Apt 4D","Yorkville, Upper East Side, Upper Manhattan, Manhattan","$2,170",1,1,2,
https://www.renthop.com/listings/east-78th-street/3d/15864423,East 78th Street,"Upper East Side, Upper Manhattan, Manhattan","$8,495",2,2,3,
https://www.renthop.com/listings/west-96th-street/208/15840437,West 96th Street,"Upper West Side, Upper Manhattan, Manhattan","$3,800",1,1,0,
https://www.renthop.com/listings/gold-street/bb54/15788445,Gold Street,"Downtown Brooklyn, Northwestern Brooklyn, Brooklyn","$4,750",2,2,0,
https://www.renthop.com/listings/428-park-place/1a/15775365,"428 Park Place, Apt 1A","Prospect Heights, Northwestern Brooklyn, Brooklyn","$4,125",2,2,0,
https://www.renthop.com/listings/columbus-avenue/8a/15835978,Columbus Avenue,"Manhattan Valley, Upper West Side, Upper Manhattan, Manhattan","$4,130",2,1,0,
https://www.renthop.com/listings/jane-street/5-d/15825229,Jane street,"West Village, Downtown Manhattan, Manhattan","$3,475",0,1,0,
https://www.renthop.com/listings/west-60th-st/na/14859947,West 60th St,"Lincoln Square, Upper West Side, Upper Manhattan, Manhattan","$4,595",1,1,0,
https://www.renthop.com/listings/606-west-57th-st/1718/15848147,"606 West 57th St, Apt 1718","Hell's Kitchen, Midtown Manhattan, Manhattan","$4,107",1,1,0,
https://www.renthop.com/listings/e-14th-st/na/9555163, E 14TH ST,"East Village, Downtown Manhattan, Manhattan","$4,790",3,1,0,
https://www.renthop.com/listings/e-52nd/1c/15825379,E 52nd,"Turtle Bay, Midtown East, Midtown Manhattan, Manhattan","$3,700",2,1,0,
https://www.renthop.com/listings/west-43rd-street/21f/15842573,West 43rd Street,"Hell's Kitchen, Midtown Manhattan, Manhattan","$3,655",1,1,0,
https://www.renthop.com/listings/e-50s/2w/14978741,E 50's,"Sutton Place, Midtown East, Midtown Manhattan, Manhattan","$4,495",2,2,3,
https://www.renthop.com/listings/1349-bergen-st/garden/15821786,"1349 Bergen St, Apt GARDEN","Crown Heights, Central Brooklyn, Brooklyn","$2,699",2,1,0,
https://www.renthop.com/listings/mulberry-street/9/15859692, Mulberry street,"Little Italy, Downtown Manhattan, Manhattan","$2,790",1,1,0,
https://www.renthop.com/listings/first-avenue-83rd/5/15019635,First Avenue 83rd,"Upper East Side, Upper Manhattan, Manhattan","$2,268",1,1,0,
https://www.renthop.com/listings/217-west-16th-st/na/15795879,217 West 16th St,"Chelsea, Midtown Manhattan, Manhattan","$2,825",1,1,0,
https://www.renthop.com/listings/2nd-avenue-80s/12/15685857,2nd Avenue 80s,"Lenox Hill, Upper East Side, Upper Manhattan, Manhattan","$2,195",1,1,0,
https://www.renthop.com/listings/west-37th-street/33d/15842412,West 37th Street,"Hell's Kitchen, Midtown Manhattan, Manhattan","$3,310",1,1,0,
https://www.renthop.com/listings/east-92nd-street/29596/15524847,East 92nd Street,"Yorkville, Upper East Side, Upper Manhattan, Manhattan","$14,500",3,2,0,
https://www.renthop.com/listings/mulberry-street/6/15859676,Mulberry street,"Little Italy, Downtown Manhattan, Manhattan","$2,390",0,1,0,
https://www.renthop.com/listings/front-street-with-private-elevator/5c/15856855, front street with private el...,"Financial District, Downtown Manhattan, Manhattan","$5,750",2,2,0,
https://www.renthop.com/listings/171-5th-avenue/2f/15803195,"171 5th Avenue, Apt 2F","North Slope, Park Slope, South Brooklyn, Brooklyn","$2,400",1,1,0,
https://www.renthop.com/listings/west-43rd-street/n9k/15826533,West 43rd Street,"Hell's Kitchen, Midtown Manhattan, Manhattan","$3,500",1,1,0,
https://www.renthop.com/listings/646-franklin-ave/1/15664525,"646 Franklin Ave, Apt #1","Crown Heights, Central Brooklyn, Brooklyn","$2,999",3,2,0,
https://www.renthop.com/listings/center-boulevard/727/15674354,Center Boulevard,"Hunters Point, Long Island City, Northwestern Queens, Queens","$4,450",2,2,0,
https://www.renthop.com/listings/nelson-ave/1g/15864443,Nelson Ave,"Highbridge, West Bronx, Bronx","$1,550",0,1,0,
https://www.renthop.com/listings/1-duffield-st-brooklyn-ny-11201-usa/na/15694417,"1 Duffield St, Brooklyn, Ny 11...","Downtown Brooklyn, Northwestern Brooklyn, Brooklyn","$2,999",1,1,0,
https://www.renthop.com/listings/350-east-58th-street/2c/15857828,"350 East 58th Street, Apt 2C","Sutton Place, Midtown East, Midtown Manhattan, Manhattan","$2,695",1,1,0,
https://www.renthop.com/listings/e-74th-st/3a/15851189,E 74th St.,"Upper East Side, Upper Manhattan, Manhattan","$2,300",0,1,0,
https://www.renthop.com/listings/94th-st-broadway/na/15864437,94th St & Broadway,"Upper West Side, Upper Manhattan, Manhattan","$2,850",1,1,0,
https://www.renthop.com/listings/930-dekalb-ave/na/15780032,930 Dekalb Ave,"Bedford-Stuyvesant, Northern Brooklyn, Brooklyn","$2,300",2,1,0,
https://www.renthop.com/listings/930-dekalb-ave/na/15780032,930 Dekalb Ave,"Bedford-Stuyvesant, Northern Brooklyn, Brooklyn","$2,300",2,1,0,
https://www.renthop.com/listings/477-park-pl/4f/15815997,"477 Park Pl, Apt 4F","Prospect Heights, Northwestern Brooklyn, Brooklyn","$3,100",3,2,0,
https://www.renthop.com/listings/east-78th-street/mr164/15853591,East 78th Street,"Upper East Side, Upper Manhattan, Manhattan","$3,250",1,1,2,
https://www.renthop.com/listings/e-26th-st/4b/15853311,E 26th St.,"Rose Hill, Kips Bay, Midtown Manhattan, Manhattan","$2,495",2,1,0,
https://www.renthop.com/listings/8-spruce-street/24t/15058116,"8 Spruce Street, Apt 24T","Financial District, Downtown Manhattan, Manhattan","$6,992",2,2,0,
https://www.renthop.com/listings/325-west-21st-street/19/15769195,"325 West 21st Street, Apt 19","Chelsea, Midtown Manhattan, Manhattan","$3,500",0,1,0,
https://www.renthop.com/listings/first-avenue/4fs/15840351,First Avenue,"Upper East Side, Upper Manhattan, Manhattan","$3,300",2,1,0,
https://www.renthop.com/listings/320-e-46/g/14292889,320 E 46,"Turtle Bay, Midtown East, Midtown Manhattan, Manhattan","$4,995",1,2,2,
https://www.renthop.com/listings/3rd-avenue-80th/4s/15573196,3rd Avenue 80th,"Upper East Side, Upper Manhattan, Manhattan","$2,653",2,1,0,
https://www.renthop.com/listings/west-21st-street/3c/15831027,West 21st Street,"Chelsea, Midtown Manhattan, Manhattan","$2,300",0,1,0,
https://www.renthop.com/listings/419-w-129th-st/24/15809780,"419 W 129th St, Apt 24","Manhattanville, West Harlem, Upper Manhattan, Manhattan","$3,500",3,1,0,
https://www.renthop.com/listings/2-gold-street/701/15855959,"2 Gold Street, Apt 701","Financial District, Downtown Manhattan, Manhattan","$4,750",2,1,3,
https://www.renthop.com/listings/liberty-street/ph12/15572774,Liberty Street ,"Financial District, Downtown Manhattan, Manhattan","$7,950",3,2,4,
https://www.renthop.com/listings/east-32nd-street/glh/15831738,East 32nd Street,"Murray Hill, Midtown Manhattan, Manhattan","$2,300",0,1,0,
https://www.renthop.com/listings/first-ave/4a/5131377,First ave ,"East Village, Downtown Manhattan, Manhattan","$4,595",3,1,0,
https://www.renthop.com/listings/halletts-point/1420/15653387,Halletts Point,"Astoria, Northwestern Queens, Queens","$3,800",2,2,0,
https://www.renthop.com/listings/exchange-place/2601/15864372,Exchange Place,"Financial District, Downtown Manhattan, Manhattan","$3,673",1,1,0,
https://www.renthop.com/listings/west-57th-street/1420/15842907,West 57th Street,"Hell's Kitchen, Midtown Manhattan, Manhattan","$5,995",2,2,0,
https://www.renthop.com/listings/east-12th-street/9/15842111,East 12th Street,"Alphabet City, East Village, Downtown Manhattan, Manhattan","$3,700",2,1,0,
https://www.renthop.com/listings/east-8th/b/15835692,East 8th ,"Alphabet City, East Village, Downtown Manhattan, Manhattan","$2,695",0,1,0,
https://www.renthop.com/listings/east-8th/b/15835692,East 8th ,"Alphabet City, East Village, Downtown Manhattan, Manhattan","$2,695",0,1,0,
https://www.renthop.com/listings/east-38th-street/16h/15863006,East 38th Street,"Murray Hill, Midtown Manhattan, Manhattan","$2,750",1,1,0,
https://www.renthop.com/listings/745-ninth-avenue-available-3-15-20/n5/10819609,"745 Ninth Avenue, Apt N5","Hell's Kitchen, Midtown Manhattan, Manhattan","$2,995",2,1,0,
https://www.renthop.com/listings/3rd-avenue-78th/3r/15126722,3rd Avenue 78th ,"Yorkville, Upper East Side, Upper Manhattan, Manhattan","$2,520",2,1,0,
https://www.renthop.com/listings/first-ave/1-b/11132859,First ave ,"East Village, Downtown Manhattan, Manhattan","$3,600",2,1,0,
https://www.renthop.com/listings/halletts-point/3169/15653394,Halletts Point,"Astoria, Northwestern Queens, Queens","$3,550",2,1,0,
https://www.renthop.com/listings/339-keap-st/3/15864395,"339 Keap St, Apt 3","East Williamsburg, Williamsburg, Northern Brooklyn, Brooklyn","$3,500",3,1,0,
https://www.renthop.com/listings/350-e-79/20c/15517550,350 E 79,"Upper East Side, Upper Manhattan, Manhattan","$8,295",2,2,3,
https://www.renthop.com/listings/133-east-17th-st/3l/15863215,"133 East 17th St, Apt 3L","Gramercy Park, Midtown Manhattan, Manhattan","$2,450",0,1,0,
https://www.renthop.com/listings/20-broad-st/2119/15721062,"20 Broad St, Apt 2119","Financial District, Downtown Manhattan, Manhattan","$4,695",1,1,2,
https://www.renthop.com/listings/wall-street/1103/15864366,Wall Street,"Financial District, Downtown Manhattan, Manhattan","$2,773",0,1,0,
https://www.renthop.com/listings/west-72nd-street/7j/15839500,West 72nd Street,"Upper West Side, Upper Manhattan, Manhattan","$2,350",0,1,0,
https://www.renthop.com/listings/east-78th-and-third-ave/24/15859867,East 78th and Third Ave,"Upper East Side, Upper Manhattan, Manhattan","$2,750",2,1,0,
https://www.renthop.com/listings/east-3rd-street/4/12141851,East 3rd Street,"Alphabet City, East Village, Downtown Manhattan, Manhattan","$3,150",2,1,0,
https://www.renthop.com/listings/12-east-22nd-street/9g/15704381,"12 East 22nd Street, Apt 9G","Flatiron District, Midtown Manhattan, Manhattan","$5,295",3,1,0,
https://www.renthop.com/listings/223-jamaica-ave/2/15856999,"223 Jamaica Ave, Apt 2","Highland Park, Cypress Hills, Eastern Brooklyn, Brooklyn","$3,000",3,2,0,
https://www.renthop.com/listings/west-132nd-street/6h/15397764,West 132nd Street,"Central Harlem, Upper Manhattan, Manhattan","$1,865",0,1,0,
https://www.renthop.com/listings/222-east-34th-street/1624/15349446,"222 East 34th Street, Apt 1624...","Rose Hill, Kips Bay, Midtown Manhattan, Manhattan","$3,700",1,1,0,
https://www.renthop.com/listings/east-89/lk/15833441,east 89,"Yorkville, Upper East Side, Upper Manhattan, Manhattan","$1,975",0,1,0,
https://www.renthop.com/listings/center-boulevard/10j/15674352,Center Boulevard,"Hunters Point, Long Island City, Northwestern Queens, Queens","$5,500",3,3,0,
